[
  {
    "name": "Acoustic Guitar Cooky Cutter",
    "time": 31,
    "nrColors": 1
  },
  {
    "name": "Stegosaurus Pickholder",
    "time": 315,
    "nrColors": 1
  },
  {
    "name": "Collapsing Jian",
    "time": 1308,
    "nrColors": 1
  },
  {
    "name": "Fucktopus",
    "time": 101,
    "nrColors": 1
  },
  {
    "name": "Moon Lamp",
    "time": 6841,
    "nrColors": 1
  },
  {
    "name": "Earth Globe",
    "time": 770,
    "nrColors": 4
  },
  {
    "name": "Cathedral",
    "time": 237,
    "nrColors": 3
  },
  {
    "name": "Lizard",
    "time": 180,
    "nrColors": 2
  },
  {
    "name": "Tree Frog",
    "time": 62,
    "nrColors": 2
  }
]